rgn_id,resilience_score,year
BHI-001,0.666666667,2014
BHI-002,0.666666667,2014
BHI-003,0.666666667,2014
BHI-004,1,2014
BHI-005,0.666666667,2014
BHI-006,0.666666667,2014
BHI-007,0.666666667,2014
BHI-008,1,2014
BHI-009,0.666666667,2014
BHI-010,1,2014
BHI-011,0.666666667,2014
BHI-012,0.666666667,2014
BHI-013,1,2014
BHI-014,0.666666667,2014
BHI-015,0.666666667,2014
BHI-016,1,2014
BHI-017,0.25,2014
BHI-018,0.25,2014
BHI-019,NA,2014
BHI-020,0.666666667,2014
BHI-021,0.25,2014
BHI-022,NA,2014
BHI-023,0.833333333,2014
BHI-024,0.583333333,2014
BHI-025,0.5,2014
BHI-026,0.666666667,2014
BHI-027,0.583333333,2014
BHI-028,0.5,2014
BHI-029,0.666666667,2014
BHI-030,1,2014
BHI-031,0.5,2014
BHI-032,1,2014
BHI-033,NA,2014
BHI-034,0.5,2014
BHI-035,0.666666667,2014
BHI-036,1,2014
BHI-037,0.666666667,2014
BHI-038,1,2014
BHI-039,0.666666667,2014
BHI-040,1,2014
BHI-041,0.666666667,2014
BHI-042,1,2014